year	year_id	division_id	team_id	team_name	jersey_number	player_name	class_year	position	gp	gs	g	ba	obp	slg	ab	r	h	d	t	tb	hr	rbi	bb	hbp	sf	sh	k	dp	sb	cs	picked
2012	10900	26172	A&M-Corpus Chris	-	Totals	-	-	-	-	 	827	372	43	0.965	1	11	61	4	7	""
2012	10900	26172	A&M-Corpus Chris	-	Opponent Totals	-	-	-	-	 	831	398	45	0.965	0	4	37	8	9	0
2012	10900	5	Akron	-	Totals	-	-	-	-	 	1,074	548	80	0.953	2	20	71	10	17	""
2012	10900	5	Akron	-	Opponent Totals	-	-	-	-	 	1,076	526	68	0.959	0	16	120	40	12	0
2012	10900	8	Alabama	-	Totals	-	-	-	-	 	1,353	446	71	0.962	2	9	35	15	12	""
2012	10900	8	Alabama	-	Opponent Totals	-	-	-	-	 	1,268	466	85	0.953	0	16	139	27	17	0
2012	10900	6	Alabama A&M	-	Totals	-	-	-	-	 	761	312	54	0.952	""	16	94	14	4	""
2012	10900	6	Alabama A&M	-	Opponent Totals	-	-	-	-	 	786	301	42	0.963	0	10	37	17	5	0
2012	10900	7	Alabama St.	-	Totals	-	-	-	-	 	961	502	83	0.946	""	18	57	13	12	""
2012	10900	7	Alabama St.	-	Opponent Totals	-	-	-	-	 	1,008	438	67	0.956	0	14	62	17	13	0
2012	10900	14	Albany (NY)	-	Totals	-	-	-	-	 	976	282	40	0.969	1	5	35	1	9	""
2012	10900	14	Albany (NY)	-	Opponent Totals	-	-	-	-	 	950	451	53	0.964	0	10	94	14	12	0
2012	10900	17	Alcorn	-	Totals	-	-	-	-	 	799	347	80	0.935	""	15	68	13	18	""
2012	10900	17	Alcorn	-	Opponent Totals	-	-	-	-	 	839	356	57	0.954	0	11	71	17	10	0
2012	10900	27	Appalachian St.	-	Totals	-	-	-	-	 	938	372	71	0.949	1	15	34	12	12	""
2012	10900	27	Appalachian St.	-	Opponent Totals	-	-	-	-	 	955	397	78	0.945	1	11	55	13	14	0
2012	10900	29	Arizona	-	Totals	-	-	-	-	 	1,106	384	35	0.977	1	12	26	6	15	""
2012	10900	29	Arizona	-	Opponent Totals	-	-	-	-	 	1,060	366	86	0.943	0	10	57	5	20	0
2012	10900	28	Arizona St.	-	Totals	-	-	-	-	 	1,219	478	41	0.976	""	6	26	10	25	""
2012	10900	28	Arizona St.	-	Opponent Totals	-	-	-	-	 	1,138	488	69	0.959	6	24	58	9	18	0
2012	10900	2678	Ark.-Pine Bluff	-	Totals	-	-	-	-	 	809	345	76	0.938	1	19	75	14	7	""
2012	10900	2678	Ark.-Pine Bluff	-	Opponent Totals	-	-	-	-	 	859	356	56	0.956	0	6	23	3	12	0
2012	10900	31	Arkansas	-	Totals	-	-	-	-	 	1,136	490	64	0.962	""	5	66	18	14	""
2012	10900	31	Arkansas	-	Opponent Totals	-	-	-	-	 	1,111	344	46	0.969	1	9	27	16	15	0
2012	10900	725	Army West Point	-	Totals	-	-	-	-	 	1,158	431	61	0.963	""	7	30	21	13	""
2012	10900	725	Army West Point	-	Opponent Totals	-	-	-	-	 	1,133	506	81	0.953	0	11	56	10	16	0
2012	10900	37	Auburn	-	Totals	-	-	-	-	 	1,129	422	60	0.963	""	8	24	18	17	""
2012	10900	37	Auburn	-	Opponent Totals	-	-	-	-	 	1,116	433	56	0.965	0	16	31	11	21	0
2012	10900	43	Austin Peay	-	Totals	-	-	-	-	 	992	428	72	0.952	1	12	61	14	16	""
2012	10900	43	Austin Peay	-	Opponent Totals	-	-	-	-	 	1,016	409	50	0.966	0	11	32	15	10	0
2012	10900	77	BYU	-	Totals	-	-	-	-	 	1,166	477	68	0.960	""	11	51	13	28	1
2012	10900	77	BYU	-	Opponent Totals	-	-	-	-	 	1,129	478	93	0.945	1	14	58	17	11	0
2012	10900	94	Bakersfield	-	Totals	-	-	-	-	 	988	369	77	0.946	1	10	47	12	14	""
2012	10900	94	Bakersfield	-	Opponent Totals	-	-	-	-	 	1,028	471	69	0.956	0	6	36	18	17	0
2012	10900	47	Ball St.	-	Totals	-	-	-	-	 	1,104	462	49	0.970	""	6	45	14	33	""
2012	10900	47	Ball St.	-	Opponent Totals	-	-	-	-	 	1,055	364	62	0.958	1	8	57	19	13	0
2012	10900	51	Baylor	-	Totals	-	-	-	-	 	1,142	405	43	0.973	""	3	20	7	15	""
2012	10900	51	Baylor	-	Opponent Totals	-	-	-	-	 	1,112	443	50	0.969	0	10	102	12	12	0
2012	10900	14927	Belmont	-	Totals	-	-	-	-	 	900	420	84	0.940	1	19	78	11	7	""
2012	10900	14927	Belmont	-	Opponent Totals	-	-	-	-	 	921	350	61	0.954	0	9	42	18	8	0
2012	10900	61	Bethune-Cookman	-	Totals	-	-	-	-	 	1,145	574	93	0.949	""	5	50	16	19	1
2012	10900	61	Bethune-Cookman	-	Opponent Totals	-	-	-	-	 	1,139	450	78	0.953	0	15	49	8	6	0
2012	10900	62	Binghamton	-	Totals	-	-	-	-	 	982	358	72	0.949	""	11	57	10	4	""
2012	10900	62	Binghamton	-	Opponent Totals	-	-	-	-	 	995	341	49	0.965	1	9	42	19	11	0
2012	10900	66	Boise St.	-	Totals	-	-	-	-	 	1,091	475	62	0.962	1	13	40	13	17	""
2012	10900	66	Boise St.	-	Opponent Totals	-	-	-	-	 	1,069	449	67	0.958	0	7	53	12	19	0
2012	10900	67	Boston College	-	Totals	-	-	-	-	 	1,011	396	53	0.964	""	5	47	18	17	""
2012	10900	67	Boston College	-	Opponent Totals	-	-	-	-	 	1,017	390	45	0.969	0	12	54	19	15	0
2012	10900	68	Boston U.	-	Totals	-	-	-	-	 	1,195	507	49	0.972	""	8	32	15	16	""
2012	10900	68	Boston U.	-	Opponent Totals	-	-	-	-	 	1,164	483	58	0.966	1	9	57	18	10	0
2012	10900	71	Bowling Green	-	Totals	-	-	-	-	 	1,169	550	67	0.962	""	2	45	18	15	""
2012	10900	71	Bowling Green	-	Opponent Totals	-	-	-	-	 	1,149	440	75	0.955	0	17	47	8	16	0
2012	10900	72	Bradley	-	Totals	-	-	-	-	 	1,036	490	70	0.956	""	9	35	10	19	""
2012	10900	72	Bradley	-	Opponent Totals	-	-	-	-	 	1,054	418	61	0.960	0	11	64	13	10	0
2012	10900	80	Brown	-	Totals	-	-	-	-	 	719	235	48	0.952	1	29	44	9	11	""
2012	10900	80	Brown	-	Opponent Totals	-	-	-	-	 	751	314	43	0.961	1	7	19	15	15	0
2012	10900	81	Bryant	-	Totals	-	-	-	-	 	875	426	58	0.957	""	10	47	12	10	""
2012	10900	81	Bryant	-	Opponent Totals	-	-	-	-	 	882	362	53	0.959	1	6	34	18	10	0
2012	10900	83	Bucknell	-	Totals	-	-	-	-	 	824	373	65	0.948	2	10	68	20	7	""
2012	10900	83	Bucknell	-	Opponent Totals	-	-	-	-	 	866	422	49	0.963	0	9	20	7	19	0
2012	10900	86	Buffalo	-	Totals	-	-	-	-	 	873	265	45	0.962	""	""	49	21	8	""
2012	10900	86	Buffalo	-	Opponent Totals	-	-	-	-	 	895	389	52	0.961	0	8	33	14	15	0
2012	10900	87	Butler	-	Totals	-	-	-	-	 	1,136	398	96	0.941	""	11	47	17	17	""
2012	10900	87	Butler	-	Opponent Totals	-	-	-	-	 	1,149	476	81	0.953	0	13	39	14	8	0
2012	10900	101	CSUN	-	Totals	-	-	-	-	 	997	507	66	0.958	""	6	49	4	23	""
2012	10900	101	CSUN	-	Opponent Totals	-	-	-	-	 	1,034	377	52	0.964	0	3	16	7	25	0
2012	10900	90	Cal Poly	-	Totals	-	-	-	-	 	959	418	50	0.965	1	8	56	10	19	""
2012	10900	90	Cal Poly	-	Opponent Totals	-	-	-	-	 	987	421	56	0.962	0	1	20	8	18	0
2012	10900	97	Cal St. Fullerton	-	Totals	-	-	-	-	 	962	435	66	0.955	""	""	28	7	29	""
2012	10900	97	Cal St. Fullerton	-	Opponent Totals	-	-	-	-	 	970	415	62	0.957	0	6	50	13	14	0
2012	10900	107	California	-	Totals	-	-	-	-	 	1,257	540	39	0.979	""	5	29	14	22	""
2012	10900	107	California	-	Opponent Totals	-	-	-	-	 	1,185	429	74	0.956	2	21	95	8	17	0
2012	10900	115	Campbell	-	Totals	-	-	-	-	 	1,157	555	99	0.945	""	15	48	23	29	""
2012	10900	115	Campbell	-	Opponent Totals	-	-	-	-	 	1,143	441	46	0.972	2	9	78	21	14	0
2012	10900	116	Canisius	-	Totals	-	-	-	-	 	991	461	61	0.960	3	15	60	15	11	""
2012	10900	116	Canisius	-	Opponent Totals	-	-	-	-	 	1,020	397	72	0.952	0	7	75	14	8	0
2012	10900	1004	Central Ark.	-	Totals	-	-	-	-	 	1,148	315	55	0.964	""	4	34	10	10	""
2012	10900	1004	Central Ark.	-	Opponent Totals	-	-	-	-	 	1,130	489	68	0.960	4	14	50	8	25	0
2012	10900	127	Central Conn. St.	-	Totals	-	-	-	-	 	957	278	67	0.949	3	6	37	9	2	""
2012	10900	127	Central Conn. St.	-	Opponent Totals	-	-	-	-	 	955	381	59	0.958	3	15	39	7	12	0
2012	10900	129	Central Mich.	-	Totals	-	-	-	-	 	1,116	443	82	0.950	1	5	42	17	22	""
2012	10900	129	Central Mich.	-	Opponent Totals	-	-	-	-	 	1,121	421	72	0.955	0	13	67	18	10	0
2012	10900	48	Charleston So.	-	Totals	-	-	-	-	 	1,178	531	70	0.961	1	5	90	20	12	""
2012	10900	48	Charleston So.	-	Opponent Totals	-	-	-	-	 	1,170	468	56	0.967	0	11	25	10	14	0
2012	10900	458	Charlotte	-	Totals	-	-	-	-	 	1,124	445	69	0.958	""	4	50	18	13	""
2012	10900	458	Charlotte	-	Opponent Totals	-	-	-	-	 	1,114	424	64	0.960	0	10	16	5	12	0
2012	10900	693	Chattanooga	-	Totals	-	-	-	-	 	1,047	441	74	0.953	""	5	28	6	23	""
2012	10900	693	Chattanooga	-	Opponent Totals	-	-	-	-	 	1,001	388	83	0.944	2	14	33	7	18	0
2012	10900	148	Cleveland St.	-	Totals	-	-	-	-	 	1,136	437	97	0.942	""	20	52	8	15	1
2012	10900	148	Cleveland St.	-	Opponent Totals	-	-	-	-	 	1,158	476	65	0.962	0	7	40	24	10	0
2012	10900	149	Coastal Caro.	-	Totals	-	-	-	-	 	1,285	589	53	0.972	1	5	35	20	18	""
2012	10900	149	Coastal Caro.	-	Opponent Totals	-	-	-	-	 	1,249	479	48	0.973	0	11	53	17	16	0
2012	10900	1014	Col. of Charleston	-	Totals	-	-	-	-	 	1,200	425	61	0.964	""	5	32	12	17	""
2012	10900	1014	Col. of Charleston	-	Opponent Totals	-	-	-	-	 	1,162	458	59	0.965	0	9	65	12	13	0
2012	10900	153	Colgate	-	Totals	-	-	-	-	 	907	473	63	0.956	""	11	46	15	12	""
2012	10900	153	Colgate	-	Opponent Totals	-	-	-	-	 	927	375	49	0.964	0	7	32	6	6	0
2012	10900	156	Colorado St.	-	Totals	-	-	-	-	 	1,005	416	76	0.949	""	14	57	11	13	""
2012	10900	156	Colorado St.	-	Opponent Totals	-	-	-	-	 	1,001	329	74	0.947	1	13	36	6	17	0
2012	10900	158	Columbia	-	Totals	-	-	-	-	 	834	393	59	0.954	""	9	45	11	6	""
2012	10900	158	Columbia	-	Opponent Totals	-	-	-	-	 	872	377	44	0.966	1	6	25	7	11	0
2012	10900	165	Coppin St.	-	Totals	-	-	-	-	 	836	312	77	0.937	2	31	64	4	8	""
2012	10900	165	Coppin St.	-	Opponent Totals	-	-	-	-	 	819	358	68	0.945	1	13	34	10	13	0
2012	10900	167	Cornell	-	Totals	-	-	-	-	 	1,000	383	62	0.957	""	8	42	8	7	""
2012	10900	167	Cornell	-	Opponent Totals	-	-	-	-	 	1,010	394	49	0.966	0	9	14	4	14	0
2012	10900	169	Creighton	-	Totals	-	-	-	-	 	1,045	358	61	0.958	""	5	39	13	17	""
2012	10900	169	Creighton	-	Opponent Totals	-	-	-	-	 	1,050	381	53	0.964	0	13	37	7	8	0
2012	10900	172	Dartmouth	-	Totals	-	-	-	-	 	762	303	50	0.955	2	11	56	6	5	""
2012	10900	172	Dartmouth	-	Opponent Totals	-	-	-	-	 	786	305	50	0.956	0	6	26	11	11	0
2012	10900	175	Dayton	-	Totals	-	-	-	-	 	980	380	65	0.954	""	19	51	13	15	""
2012	10900	175	Dayton	-	Opponent Totals	-	-	-	-	 	998	396	57	0.961	0	9	50	15	9	0
2012	10900	176	DePaul	-	Totals	-	-	-	-	 	1,161	377	39	0.975	""	16	44	14	13	""
2012	10900	176	DePaul	-	Opponent Totals	-	-	-	-	 	1,165	489	71	0.959	4	8	50	16	19	0
2012	10900	180	Delaware	-	Totals	-	-	-	-	 	1,111	393	87	0.945	""	6	30	11	12	""
2012	10900	180	Delaware	-	Opponent Totals	-	-	-	-	 	1,142	480	55	0.967	0	6	32	12	18	0
2012	10900	178	Delaware St.	-	Totals	-	-	-	-	 	852	332	52	0.958	1	7	47	10	14	""
2012	10900	178	Delaware St.	-	Opponent Totals	-	-	-	-	 	844	336	65	0.948	1	15	44	18	5	0
2012	10900	184	Detroit	-	Totals	-	-	-	-	 	954	392	92	0.936	1	12	73	14	10	""
2012	10900	184	Detroit	-	Opponent Totals	-	-	-	-	 	1,002	435	62	0.959	0	10	17	4	13	0
2012	10900	189	Drake	-	Totals	-	-	-	-	 	1,146	423	50	0.969	1	18	50	14	11	""
2012	10900	189	Drake	-	Opponent Totals	-	-	-	-	 	1,134	479	69	0.959	0	7	95	24	13	0
2012	10900	191	Drexel	-	Totals	-	-	-	-	 	946	417	62	0.956	1	7	45	9	7	""
2012	10900	191	Drexel	-	Opponent Totals	-	-	-	-	 	940	424	68	0.953	0	13	40	11	10	0
2012	10900	196	East Carolina	-	Totals	-	-	-	-	 	1,041	538	59	0.964	""	4	51	7	17	""
2012	10900	196	East Carolina	-	Opponent Totals	-	-	-	-	 	1,052	471	78	0.951	0	8	86	19	10	0
2012	10900	198	East Tenn. St.	-	Totals	-	-	-	-	 	957	372	74	0.947	1	12	55	17	3	""
2012	10900	198	East Tenn. St.	-	Opponent Totals	-	-	-	-	 	998	428	59	0.960	0	9	9	6	11	0
2012	10900	201	Eastern Ill.	-	Totals	-	-	-	-	 	1,121	442	71	0.957	1	8	44	10	16	""
2012	10900	201	Eastern Ill.	-	Opponent Totals	-	-	-	-	 	1,121	438	66	0.959	0	14	48	18	18	0
2012	10900	202	Eastern Ky.	-	Totals	-	-	-	-	 	1,166	397	70	0.957	2	14	50	17	13	""
2012	10900	202	Eastern Ky.	-	Opponent Totals	-	-	-	-	 	1,187	475	89	0.949	7	11	74	11	18	0
2012	10900	204	Eastern Mich.	-	Totals	-	-	-	-	 	1,043	491	86	0.947	2	5	56	12	15	""
2012	10900	204	Eastern Mich.	-	Opponent Totals	-	-	-	-	 	1,090	464	73	0.955	2	12	77	19	20	0
2012	10900	1068	Elon	-	Totals	-	-	-	-	 	1,016	331	68	0.952	""	6	39	12	20	""
2012	10900	1068	Elon	-	Opponent Totals	-	-	-	-	 	1,014	396	70	0.953	0	13	81	15	12	0
2012	10900	219	Evansville	-	Totals	-	-	-	-	 	1,083	369	63	0.958	""	17	51	11	12	""
2012	10900	219	Evansville	-	Opponent Totals	-	-	-	-	 	1,111	504	84	0.951	0	25	79	19	18	0
2012	10900	28755	FGCU	-	Totals	-	-	-	-	 	1,229	620	62	0.968	""	5	44	8	28	""
2012	10900	28755	FGCU	-	Opponent Totals	-	-	-	-	 	1,213	362	70	0.957	1	15	78	10	7	0
2012	10900	231	FIU	-	Totals	-	-	-	-	 	1,075	396	60	0.961	""	7	65	12	11	""
2012	10900	231	FIU	-	Opponent Totals	-	-	-	-	 	1,067	444	70	0.956	0	11	41	10	22	0
2012	10900	220	Fairfield	-	Totals	-	-	-	-	 	1,184	453	61	0.964	""	5	34	20	15	""
2012	10900	220	Fairfield	-	Opponent Totals	-	-	-	-	 	1,189	496	66	0.962	0	10	88	24	12	0
2012	10900	222	Fairleigh Dickinson	-	Totals	-	-	-	-	 	1,008	364	64	0.955	""	3	33	16	10	""
2012	10900	222	Fairleigh Dickinson	-	Opponent Totals	-	-	-	-	 	997	470	79	0.949	0	7	22	5	14	0
2012	10900	229	Fla. Atlantic	-	Totals	-	-	-	-	 	1,047	475	111	0.932	""	14	41	19	19	""
2012	10900	229	Fla. Atlantic	-	Opponent Totals	-	-	-	-	 	1,070	404	52	0.966	0	9	25	6	15	0
2012	10900	235	Florida	-	Totals	-	-	-	-	 	1,180	456	44	0.974	""	7	24	17	17	""
2012	10900	235	Florida	-	Opponent Totals	-	-	-	-	 	1,118	420	54	0.966	0	9	76	17	21	0
2012	10900	228	Florida A&M	-	Totals	-	-	-	-	 	1,117	421	85	0.948	""	14	59	8	15	""
2012	10900	228	Florida A&M	-	Opponent Totals	-	-	-	-	 	1,104	497	95	0.944	0	10	101	16	19	0
2012	10900	234	Florida St.	-	Totals	-	-	-	-	 	1,277	518	63	0.966	""	14	56	8	15	""
2012	10900	234	Florida St.	-	Opponent Totals	-	-	-	-	 	1,210	492	84	0.953	1	20	85	18	20	0
2012	10900	236	Fordham	-	Totals	-	-	-	-	 	1,222	331	48	0.970	""	12	37	8	17	""
2012	10900	236	Fordham	-	Opponent Totals	-	-	-	-	 	1,219	472	65	0.963	0	12	31	12	18	1
2012	10900	96	Fresno St.	-	Totals	-	-	-	-	 	1,193	410	55	0.967	""	6	39	11	22	""
2012	10900	96	Fresno St.	-	Opponent Totals	-	-	-	-	 	1,137	461	61	0.963	0	5	18	5	21	0
2012	10900	244	Furman	-	Totals	-	-	-	-	 	1,022	441	62	0.959	""	17	61	20	13	""
2012	10900	244	Furman	-	Opponent Totals	-	-	-	-	 	1,041	417	56	0.963	0	5	16	6	22	0
2012	10900	253	Ga. Southern	-	Totals	-	-	-	-	 	1,277	461	47	0.974	""	6	44	9	16	""
2012	10900	253	Ga. Southern	-	Opponent Totals	-	-	-	-	 	1,259	467	70	0.961	0	4	37	6	20	0
2012	10900	1092	Gardner-Webb	-	Totals	-	-	-	-	 	1,100	470	84	0.949	""	3	59	12	20	""
2012	10900	1092	Gardner-Webb	-	Opponent Totals	-	-	-	-	 	1,094	495	74	0.956	0	7	35	11	24	0
2012	10900	248	George Mason	-	Totals	-	-	-	-	 	1,088	546	67	0.961	1	16	48	16	21	""
2012	10900	248	George Mason	-	Opponent Totals	-	-	-	-	 	1,139	454	65	0.961	0	10	32	14	12	0
2012	10900	249	George Washington	-	Totals	-	-	-	-	 	1,132	523	87	0.950	""	8	54	15	10	""
2012	10900	249	George Washington	-	Opponent Totals	-	-	-	-	 	1,124	465	78	0.953	0	12	86	30	12	0
2012	10900	251	Georgetown	-	Totals	-	-	-	-	 	979	290	62	0.953	""	6	35	11	13	""
2012	10900	251	Georgetown	-	Opponent Totals	-	-	-	-	 	1,024	416	57	0.962	0	8	23	13	8	0
2012	10900	257	Georgia	-	Totals	-	-	-	-	 	1,266	471	54	0.970	""	9	35	9	18	""
2012	10900	257	Georgia	-	Opponent Totals	-	-	-	-	 	1,200	459	61	0.965	0	21	94	23	25	0
2012	10900	254	Georgia St.	-	Totals	-	-	-	-	 	1,132	516	57	0.967	1	8	28	7	19	""
2012	10900	254	Georgia St.	-	Opponent Totals	-	-	-	-	 	1,116	380	61	0.961	5	5	52	12	5	0
2012	10900	255	Georgia Tech	-	Totals	-	-	-	-	 	1,180	485	55	0.968	1	7	39	21	29	""
2012	10900	255	Georgia Tech	-	Opponent Totals	-	-	-	-	 	1,147	469	80	0.953	1	12	95	23	20	0
2012	10900	261	Grambling	-	Totals	-	-	-	-	 	696	244	91	0.912	""	11	91	12	10	""
2012	10900	261	Grambling	-	Opponent Totals	-	-	-	-	 	710	315	89	0.920	0	22	47	19	4	0
2012	10900	794	Green Bay	-	Totals	-	-	-	-	 	1,005	410	76	0.949	""	7	34	7	16	""
2012	10900	794	Green Bay	-	Opponent Totals	-	-	-	-	 	1,023	368	56	0.961	0	2	44	8	8	0
2012	10900	270	Hampton	-	Totals	-	-	-	-	 	1,104	510	93	0.946	1	38	57	20	19	""
2012	10900	270	Hampton	-	Opponent Totals	-	-	-	-	 	1,119	474	87	0.948	0	12	54	15	15	0
2012	10900	272	Hartford	-	Totals	-	-	-	-	 	1,006	509	68	0.957	1	3	89	18	22	""
2012	10900	272	Hartford	-	Opponent Totals	-	-	-	-	 	1,058	446	62	0.960	1	9	41	15	15	0
2012	10900	275	Harvard	-	Totals	-	-	-	-	 	1,018	392	47	0.968	""	7	28	9	14	""
2012	10900	275	Harvard	-	Opponent Totals	-	-	-	-	 	1,004	452	65	0.957	1	13	48	15	7	0
2012	10900	277	Hawaii	-	Totals	-	-	-	-	 	1,050	373	47	0.968	""	8	20	9	11	""
2012	10900	277	Hawaii	-	Opponent Totals	-	-	-	-	 	985	302	55	0.959	0	8	31	7	21	0
2012	10900	283	Hofstra	-	Totals	-	-	-	-	 	1,144	314	39	0.974	1	5	20	8	9	""
2012	10900	283	Hofstra	-	Opponent Totals	-	-	-	-	 	1,107	447	65	0.960	0	12	42	5	17	0
2012	10900	285	Holy Cross	-	Totals	-	-	-	-	 	866	404	85	0.937	""	23	49	8	15	""
2012	10900	285	Holy Cross	-	Opponent Totals	-	-	-	-	 	900	344	31	0.976	2	3	29	11	12	0
2012	10900	288	Houston	-	Totals	-	-	-	-	 	1,138	530	67	0.961	""	12	22	9	26	""
2012	10900	288	Houston	-	Opponent Totals	-	-	-	-	 	1,116	446	67	0.959	0	20	109	27	7	0
2012	10900	287	Houston Baptist	-	Totals	-	-	-	-	 	986	328	50	0.963	1	1	45	7	13	""
2012	10900	287	Houston Baptist	-	Opponent Totals	-	-	-	-	 	1,010	389	52	0.964	0	3	8	3	9	0
2012	10900	290	Howard	-	Totals	-	-	-	-	 	934	499	95	0.938	1	27	97	19	17	""
2012	10900	290	Howard	-	Opponent Totals	-	-	-	-	 	981	347	81	0.943	1	12	31	6	14	0
2012	10900	308	IPFW	-	Totals	-	-	-	-	 	1,191	493	56	0.968	2	11	54	14	13	""
2012	10900	308	IPFW	-	Opponent Totals	-	-	-	-	 	1,160	476	72	0.958	0	9	63	15	18	0
2012	10900	2699	IUPUI	-	Totals	-	-	-	-	 	998	306	63	0.954	""	16	49	21	10	""
2012	10900	2699	IUPUI	-	Opponent Totals	-	-	-	-	 	1,022	446	50	0.967	2	6	69	20	12	0
2012	10900	294	Idaho St.	-	Totals	-	-	-	-	 	936	381	63	0.954	""	5	42	18	10	""
2012	10900	294	Idaho St.	-	Opponent Totals	-	-	-	-	 	966	363	59	0.957	0	6	38	8	9	0
2012	10900	302	Ill.-Chicago	-	Totals	-	-	-	-	 	1,045	417	58	0.962	""	11	30	17	13	""
2012	10900	302	Ill.-Chicago	-	Opponent Totals	-	-	-	-	 	1,055	457	70	0.956	0	12	21	9	15	0
2012	10900	301	Illinois	-	Totals	-	-	-	-	 	1,076	335	68	0.954	3	8	47	19	5	""
2012	10900	301	Illinois	-	Opponent Totals	-	-	-	-	 	1,066	417	62	0.960	0	8	45	14	18	0
2012	10900	299	Illinois St.	-	Totals	-	-	-	-	 	1,191	423	60	0.964	""	4	32	15	10	""
2012	10900	299	Illinois St.	-	Opponent Totals	-	-	-	-	 	1,180	379	68	0.958	3	9	40	6	12	1
2012	10900	306	Indiana	-	Totals	-	-	-	-	 	1,072	507	64	0.961	2	6	47	9	17	""
2012	10900	306	Indiana	-	Opponent Totals	-	-	-	-	 	1,067	441	57	0.964	1	4	18	9	16	0
2012	10900	305	Indiana St.	-	Totals	-	-	-	-	 	1,048	545	104	0.939	3	12	106	8	12	""
2012	10900	305	Indiana St.	-	Opponent Totals	-	-	-	-	 	1,069	493	70	0.957	0	16	52	22	9	0
2012	10900	310	Iona	-	Totals	-	-	-	-	 	1,261	423	65	0.963	1	20	45	9	12	""
2012	10900	310	Iona	-	Opponent Totals	-	-	-	-	 	1,253	564	73	0.961	0	9	41	14	17	0
2012	10900	312	Iowa	-	Totals	-	-	-	-	 	1,065	507	53	0.967	1	8	36	8	26	""
2012	10900	312	Iowa	-	Opponent Totals	-	-	-	-	 	1,060	456	63	0.960	1	9	51	15	8	0
2012	10900	311	Iowa St.	-	Totals	-	-	-	-	 	986	467	61	0.960	""	5	63	8	13	""
2012	10900	311	Iowa St.	-	Opponent Totals	-	-	-	-	 	1,024	387	27	0.981	0	9	11	5	23	0
2012	10900	314	Jackson St.	-	Totals	-	-	-	-	 	1,158	560	102	0.944	1	36	68	12	17	""
2012	10900	314	Jackson St.	-	Opponent Totals	-	-	-	-	 	1,127	472	56	0.966	0	16	162	38	10	0
2012	10900	316	Jacksonville	-	Totals	-	-	-	-	 	1,130	409	55	0.965	""	10	45	10	12	""
2012	10900	316	Jacksonville	-	Opponent Totals	-	-	-	-	 	1,117	474	68	0.959	0	10	67	12	17	0
2012	10900	315	Jacksonville St.	-	Totals	-	-	-	-	 	1,115	423	71	0.956	1	7	56	23	8	""
2012	10900	315	Jacksonville St.	-	Opponent Totals	-	-	-	-	 	1,115	394	71	0.955	0	11	27	5	10	0
2012	10900	317	James Madison	-	Totals	-	-	-	-	 	1,116	550	52	0.970	""	5	46	10	14	1
2012	10900	317	James Madison	-	Opponent Totals	-	-	-	-	 	1,104	489	72	0.957	0	6	75	18	19	0
2012	10900	328	Kansas	-	Totals	-	-	-	-	 	982	292	40	0.970	""	18	46	12	12	""
2012	10900	328	Kansas	-	Opponent Totals	-	-	-	-	 	949	382	73	0.948	5	6	44	2	20	0
2012	10900	1157	Kennesaw St.	-	Totals	-	-	-	-	 	1,116	358	53	0.965	""	9	56	5	13	""
2012	10900	1157	Kennesaw St.	-	Opponent Totals	-	-	-	-	 	1,092	393	56	0.964	0	7	11	2	12	0
2012	10900	331	Kent St.	-	Totals	-	-	-	-	 	1,125	453	74	0.955	1	4	44	13	11	""
2012	10900	331	Kent St.	-	Opponent Totals	-	-	-	-	 	1,138	425	74	0.955	1	12	34	13	11	0
2012	10900	334	Kentucky	-	Totals	-	-	-	-	 	1,211	460	86	0.951	1	3	31	17	17	""
2012	10900	334	Kentucky	-	Opponent Totals	-	-	-	-	 	1,202	414	77	0.955	0	14	53	12	22	0
2012	10900	361	LIU Brooklyn	-	Totals	-	-	-	-	 	1,192	604	79	0.958	""	19	66	11	16	""
2012	10900	361	LIU Brooklyn	-	Opponent Totals	-	-	-	-	 	1,202	493	71	0.960	0	7	12	5	15	0
2012	10900	365	LSU	-	Totals	-	-	-	-	 	1,340	448	67	0.964	""	13	65	21	10	""
2012	10900	365	LSU	-	Opponent Totals	-	-	-	-	 	1,297	528	54	0.971	1	6	73	19	26	0
2012	10900	340	La Salle	-	Totals	-	-	-	-	 	895	494	69	0.953	""	15	65	12	15	""
2012	10900	340	La Salle	-	Opponent Totals	-	-	-	-	 	948	362	33	0.975	0	8	22	12	6	0
2012	10900	671	La.-Lafayette	-	Totals	-	-	-	-	 	1,157	333	41	0.973	""	9	28	7	15	""
2012	10900	671	La.-Lafayette	-	Opponent Totals	-	-	-	-	 	1,109	439	86	0.947	0	15	112	15	27	0
2012	10900	498	La.-Monroe	-	Totals	-	-	-	-	 	1,004	418	53	0.964	""	5	43	11	19	""
2012	10900	498	La.-Monroe	-	Opponent Totals	-	-	-	-	 	1,019	443	68	0.956	0	20	104	20	14	0
2012	10900	342	Lafayette	-	Totals	-	-	-	-	 	1,064	495	102	0.939	2	6	72	6	14	""
2012	10900	342	Lafayette	-	Opponent Totals	-	-	-	-	 	1,092	472	56	0.965	0	3	35	15	12	0
2012	10900	352	Lehigh	-	Totals	-	-	-	-	 	1,153	465	48	0.971	""	3	48	9	18	""
2012	10900	352	Lehigh	-	Opponent Totals	-	-	-	-	 	1,122	475	61	0.963	2	7	37	7	19	0
2012	10900	355	Liberty	-	Totals	-	-	-	-	 	1,059	522	57	0.965	1	7	63	16	20	""
2012	10900	355	Liberty	-	Opponent Totals	-	-	-	-	 	1,095	453	73	0.955	0	7	44	9	12	0
2012	10900	28600	Lipscomb	-	Totals	-	-	-	-	 	1,084	489	73	0.956	""	8	26	24	22	""
2012	10900	28600	Lipscomb	-	Opponent Totals	-	-	-	-	 	1,059	392	75	0.951	0	8	56	12	13	0
2012	10900	99	Long Beach St.	-	Totals	-	-	-	-	 	1,091	417	71	0.955	""	10	20	17	17	""
2012	10900	99	Long Beach St.	-	Opponent Totals	-	-	-	-	 	1,077	456	65	0.959	0	5	41	12	11	0
2012	10900	363	Longwood	-	Totals	-	-	-	-	 	1,025	482	62	0.960	1	12	68	11	11	""
2012	10900	363	Longwood	-	Opponent Totals	-	-	-	-	 	1,030	368	62	0.958	1	6	51	18	13	0
2012	10900	366	Louisiana Tech	-	Totals	-	-	-	-	 	1,133	568	96	0.947	1	8	37	15	19	""
2012	10900	366	Louisiana Tech	-	Opponent Totals	-	-	-	-	 	1,139	365	68	0.957	0	7	27	5	14	0
2012	10900	367	Louisville	-	Totals	-	-	-	-	 	1,206	453	43	0.975	""	4	13	22	10	""
2012	10900	367	Louisville	-	Opponent Totals	-	-	-	-	 	1,124	471	76	0.955	0	3	48	14	16	0
2012	10900	371	Loyola Chicago	-	Totals	-	-	-	-	 	979	363	46	0.967	1	7	50	10	6	""
2012	10900	371	Loyola Chicago	-	Opponent Totals	-	-	-	-	 	978	399	78	0.946	0	14	64	13	11	0
2012	10900	370	Loyola Marymount	-	Totals	-	-	-	-	 	1,078	479	44	0.973	""	4	42	7	16	""
2012	10900	370	Loyola Marymount	-	Opponent Totals	-	-	-	-	 	1,057	424	60	0.961	0	11	21	4	21	0
2012	10900	380	Maine	-	Totals	-	-	-	-	 	922	399	61	0.956	""	12	49	12	5	""
2012	10900	380	Maine	-	Opponent Totals	-	-	-	-	 	950	384	47	0.966	0	10	10	9	14	0
2012	10900	381	Manhattan	-	Totals	-	-	-	-	 	900	392	55	0.959	""	8	55	13	16	""
2012	10900	381	Manhattan	-	Opponent Totals	-	-	-	-	 	944	379	47	0.966	1	6	24	9	17	0
2012	10900	386	Marist	-	Totals	-	-	-	-	 	1,115	549	85	0.951	""	8	36	15	18	""
2012	10900	386	Marist	-	Opponent Totals	-	-	-	-	 	1,123	447	75	0.954	6	7	50	20	14	0
2012	10900	388	Marshall	-	Totals	-	-	-	-	 	1,147	460	75	0.955	3	12	35	11	13	""
2012	10900	388	Marshall	-	Opponent Totals	-	-	-	-	 	1,116	510	82	0.952	3	12	135	30	17	0
2012	10900	392	Maryland	-	Totals	-	-	-	-	 	1,095	380	64	0.958	3	14	80	18	12	""
2012	10900	392	Maryland	-	Opponent Totals	-	-	-	-	 	1,063	469	88	0.946	1	20	87	17	13	0
2012	10900	400	Massachusetts	-	Totals	-	-	-	-	 	1,022	171	37	0.970	""	4	49	12	4	""
2012	10900	400	Massachusetts	-	Opponent Totals	-	-	-	-	 	984	342	72	0.948	0	12	70	11	10	0
2012	10900	402	McNeese St.	-	Totals	-	-	-	-	 	1,077	478	58	0.964	""	6	40	12	17	""
2012	10900	402	McNeese St.	-	Opponent Totals	-	-	-	-	 	1,068	454	85	0.947	0	9	43	8	10	0
2012	10900	404	Memphis	-	Totals	-	-	-	-	 	1,133	341	60	0.961	""	10	58	22	7	""
2012	10900	404	Memphis	-	Opponent Totals	-	-	-	-	 	1,156	518	71	0.959	1	18	49	17	18	0
2012	10900	406	Mercer	-	Totals	-	-	-	-	 	994	429	56	0.962	1	11	56	16	14	""
2012	10900	406	Mercer	-	Opponent Totals	-	-	-	-	 	1,019	417	62	0.959	0	14	39	16	16	0
2012	10900	414	Miami (OH)	-	Totals	-	-	-	-	 	1,275	442	67	0.962	""	10	22	14	14	""
2012	10900	414	Miami (OH)	-	Opponent Totals	-	-	-	-	 	1,240	552	74	0.960	1	12	66	14	22	0
2012	10900	418	Michigan	-	Totals	-	-	-	-	 	1,188	572	59	0.968	1	6	28	9	21	""
2012	10900	418	Michigan	-	Opponent Totals	-	-	-	-	 	1,160	487	73	0.958	0	8	42	8	10	0
2012	10900	416	Michigan St.	-	Totals	-	-	-	-	 	991	394	68	0.953	1	8	63	9	15	""
2012	10900	416	Michigan St.	-	Opponent Totals	-	-	-	-	 	1,044	423	63	0.959	0	4	45	15	12	0
2012	10900	419	Middle Tenn.	-	Totals	-	-	-	-	 	939	467	66	0.955	""	""	76	14	24	""
2012	10900	419	Middle Tenn.	-	Opponent Totals	-	-	-	-	 	965	353	46	0.966	0	6	47	14	8	0
2012	10900	428	Minnesota	-	Totals	-	-	-	-	 	1,059	470	47	0.970	""	3	27	14	9	""
2012	10900	428	Minnesota	-	Opponent Totals	-	-	-	-	 	1,036	392	53	0.964	0	14	38	9	22	0
2012	10900	430	Mississippi St.	-	Totals	-	-	-	-	 	1,122	332	56	0.963	1	21	83	16	16	""
2012	10900	430	Mississippi St.	-	Opponent Totals	-	-	-	-	 	1,110	476	81	0.951	2	19	92	22	15	1
2012	10900	432	Mississippi Val.	-	Totals	-	-	-	-	 	1,027	375	72	0.951	3	12	63	15	7	""
2012	10900	432	Mississippi Val.	-	Opponent Totals	-	-	-	-	 	1,018	424	63	0.958	1	11	27	13	14	0
2012	10900	434	Missouri	-	Totals	-	-	-	-	 	1,236	469	42	0.976	1	8	37	8	18	""
2012	10900	434	Missouri	-	Opponent Totals	-	-	-	-	 	1,188	445	81	0.953	0	13	80	18	18	0
2012	10900	669	Missouri St.	-	Totals	-	-	-	-	 	1,037	425	48	0.968	""	10	49	9	9	""
2012	10900	669	Missouri St.	-	Opponent Totals	-	-	-	-	 	1,039	401	53	0.965	0	10	51	15	8	0
2012	10900	439	Monmouth	-	Totals	-	-	-	-	 	870	394	64	0.952	2	10	30	11	10	""
2012	10900	439	Monmouth	-	Opponent Totals	-	-	-	-	 	875	384	63	0.952	0	10	25	9	7	0
2012	10900	444	Morehead St.	-	Totals	-	-	-	-	 	994	446	84	0.945	1	16	95	8	17	""
2012	10900	444	Morehead St.	-	Opponent Totals	-	-	-	-	 	1,025	425	80	0.948	0	3	52	14	15	0
2012	10900	446	Morgan St.	-	Totals	-	-	-	-	 	681	282	54	0.947	""	11	46	8	16	""
2012	10900	446	Morgan St.	-	Opponent Totals	-	-	-	-	 	710	323	60	0.945	1	22	29	14	13	0
2012	10900	450	Mt. St. Mary's	-	Totals	-	-	-	-	 	986	390	48	0.966	1	23	45	12	6	""
2012	10900	450	Mt. St. Mary's	-	Opponent Totals	-	-	-	-	 	1,019	396	48	0.967	1	17	31	19	14	0
2012	10900	454	Murray St.	-	Totals	-	-	-	-	 	1,070	471	59	0.963	1	14	48	16	20	""
2012	10900	454	Murray St.	-	Opponent Totals	-	-	-	-	 	1,050	391	93	0.939	0	17	91	15	16	0
2012	10900	488	N.C. A&T	-	Totals	-	-	-	-	 	955	389	94	0.935	""	23	76	8	9	""
2012	10900	488	N.C. A&T	-	Opponent Totals	-	-	-	-	 	972	365	92	0.936	1	11	37	9	8	0
2012	10900	489	N.C. Central	-	Totals	-	-	-	-	 	866	348	131	0.903	""	26	100	16	10	""
2012	10900	489	N.C. Central	-	Opponent Totals	-	-	-	-	 	936	396	68	0.951	0	14	49	18	12	0
2012	10900	463	Nebraska	-	Totals	-	-	-	-	 	1,057	329	67	0.954	""	4	39	8	16	""
2012	10900	463	Nebraska	-	Opponent Totals	-	-	-	-	 	1,040	409	68	0.955	0	8	26	10	13	0
2012	10900	466	Nevada	-	Totals	-	-	-	-	 	1,133	422	71	0.956	""	7	38	13	9	""
2012	10900	466	Nevada	-	Opponent Totals	-	-	-	-	 	1,162	499	49	0.971	1	15	36	12	22	0
2012	10900	473	New Mexico	-	Totals	-	-	-	-	 	1,004	462	72	0.953	1	5	32	22	14	""
2012	10900	473	New Mexico	-	Opponent Totals	-	-	-	-	 	1,019	400	68	0.954	0	7	35	7	11	0
2012	10900	472	New Mexico St.	-	Totals	-	-	-	-	 	1,014	413	67	0.955	2	9	33	8	14	""
2012	10900	472	New Mexico St.	-	Opponent Totals	-	-	-	-	 	1,026	367	68	0.953	0	8	34	15	15	0
2012	10900	482	Niagara	-	Totals	-	-	-	-	 	871	339	65	0.949	""	13	86	12	3	""
2012	10900	482	Niagara	-	Opponent Totals	-	-	-	-	 	901	337	52	0.960	1	7	21	8	13	0
2012	10900	483	Nicholls St.	-	Totals	-	-	-	-	 	844	374	70	0.946	1	17	69	13	13	""
2012	10900	483	Nicholls St.	-	Opponent Totals	-	-	-	-	 	872	374	48	0.963	0	12	47	18	12	1
2012	10900	485	Norfolk St.	-	Totals	-	-	-	-	 	979	395	63	0.956	""	8	60	11	17	""
2012	10900	485	Norfolk St.	-	Opponent Totals	-	-	-	-	 	974	377	83	0.942	0	13	47	8	14	0
2012	10900	457	North Carolina	-	Totals	-	-	-	-	 	1,143	352	51	0.967	""	7	30	19	16	""
2012	10900	457	North Carolina	-	Opponent Totals	-	-	-	-	 	1,116	488	60	0.964	0	17	57	22	18	0
2012	10900	490	North Carolina St.	-	Totals	-	-	-	-	 	1,091	497	64	0.961	""	12	46	13	19	""
2012	10900	490	North Carolina St.	-	Opponent Totals	-	-	-	-	 	1,088	455	73	0.955	0	13	22	14	15	0
2012	10900	494	North Dakota	-	Totals	-	-	-	-	 	945	416	71	0.950	1	16	67	9	17	""
2012	10900	494	North Dakota	-	Opponent Totals	-	-	-	-	 	969	415	44	0.969	0	5	18	14	14	0
2012	10900	493	North Dakota St.	-	Totals	-	-	-	-	 	1,219	395	56	0.966	""	14	40	21	14	""
2012	10900	493	North Dakota St.	-	Opponent Totals	-	-	-	-	 	1,204	514	64	0.964	0	13	40	8	22	0
2012	10900	2711	North Florida	-	Totals	-	-	-	-	 	1,132	470	89	0.947	""	5	34	14	14	""
2012	10900	2711	North Florida	-	Opponent Totals	-	-	-	-	 	1,130	463	70	0.958	0	10	32	10	8	0
2012	10900	497	North Texas	-	Totals	-	-	-	-	 	1,135	405	71	0.956	""	12	72	13	7	""
2012	10900	497	North Texas	-	Opponent Totals	-	-	-	-	 	1,132	476	56	0.966	0	10	29	7	19	0
2012	10900	502	Northern Colo.	-	Totals	-	-	-	-	 	1,035	488	68	0.957	1	5	54	11	11	""
2012	10900	502	Northern Colo.	-	Opponent Totals	-	-	-	-	 	1,035	420	70	0.954	2	11	66	17	14	0
2012	10900	503	Northern Ill.	-	Totals	-	-	-	-	 	1,043	395	94	0.939	""	21	100	17	8	2
2012	10900	503	Northern Ill.	-	Opponent Totals	-	-	-	-	 	1,068	434	70	0.955	0	10	56	21	22	0
2012	10900	509	Northwestern	-	Totals	-	-	-	-	 	1,122	506	71	0.958	""	13	41	10	18	""
2012	10900	509	Northwestern	-	Opponent Totals	-	-	-	-	 	1,121	418	73	0.955	0	6	92	13	14	0
2012	10900	508	Northwestern St.	-	Totals	-	-	-	-	 	986	398	59	0.959	""	11	65	19	6	1
2012	10900	508	Northwestern St.	-	Opponent Totals	-	-	-	-	 	1,014	452	42	0.972	0	8	24	8	23	0
2012	10900	513	Notre Dame	-	Totals	-	-	-	-	 	1,138	334	49	0.968	2	6	18	8	9	""
2012	10900	513	Notre Dame	-	Opponent Totals	-	-	-	-	 	1,100	498	71	0.957	1	10	58	15	14	0
2012	10900	514	Oakland	-	Totals	-	-	-	-	 	846	373	63	0.951	1	9	74	9	18	""
2012	10900	514	Oakland	-	Opponent Totals	-	-	-	-	 	903	419	55	0.960	0	7	58	21	11	0
2012	10900	519	Ohio	-	Totals	-	-	-	-	 	1,093	386	53	0.965	""	9	51	23	9	""
2012	10900	519	Ohio	-	Opponent Totals	-	-	-	-	 	1,101	507	98	0.943	0	20	61	20	15	0
2012	10900	518	Ohio St.	-	Totals	-	-	-	-	 	1,077	402	73	0.953	1	6	36	8	10	""
2012	10900	518	Ohio St.	-	Opponent Totals	-	-	-	-	 	1,064	460	65	0.959	0	14	48	10	17	0
2012	10900	522	Oklahoma	-	Totals	-	-	-	-	 	1,260	404	55	0.968	""	9	19	12	18	""
2012	10900	522	Oklahoma	-	Opponent Totals	-	-	-	-	 	1,188	436	83	0.951	0	9	66	21	18	0
2012	10900	521	Oklahoma St.	-	Totals	-	-	-	-	 	1,046	370	46	0.969	1	12	49	14	12	""
2012	10900	521	Oklahoma St.	-	Opponent Totals	-	-	-	-	 	1,046	422	64	0.958	1	13	32	15	12	0
2012	10900	433	Ole Miss	-	Totals	-	-	-	-	 	1,006	475	59	0.962	1	26	73	19	20	""
2012	10900	433	Ole Miss	-	Opponent Totals	-	-	-	-	 	1,009	444	59	0.961	0	12	68	13	15	0
2012	10900	464	Omaha	-	Totals	-	-	-	-	 	849	375	48	0.962	""	3	8	5	8	""
2012	10900	464	Omaha	-	Opponent Totals	-	-	-	-	 	843	312	46	0.962	0	10	26	12	12	0
2012	10900	529	Oregon	-	Totals	-	-	-	-	 	1,280	599	91	0.954	1	14	47	8	22	""
2012	10900	529	Oregon	-	Opponent Totals	-	-	-	-	 	1,223	528	80	0.956	0	13	80	22	28	0
2012	10900	528	Oregon St.	-	Totals	-	-	-	-	 	1,200	466	60	0.965	2	10	35	10	24	""
2012	10900	528	Oregon St.	-	Opponent Totals	-	-	-	-	 	1,178	452	73	0.957	0	14	70	10	26	0
2012	10900	534	Pacific	-	Totals	-	-	-	-	 	1,077	451	61	0.962	""	3	19	11	23	1
2012	10900	534	Pacific	-	Opponent Totals	-	-	-	-	 	1,039	491	71	0.956	1	13	33	9	16	0
2012	10900	540	Penn	-	Totals	-	-	-	-	 	995	379	61	0.957	2	10	45	3	5	""
2012	10900	540	Penn	-	Opponent Totals	-	-	-	-	 	968	375	60	0.957	0	10	39	9	8	0
2012	10900	539	Penn St.	-	Totals	-	-	-	-	 	987	374	77	0.946	""	19	60	13	15	""
2012	10900	539	Penn St.	-	Opponent Totals	-	-	-	-	 	1,002	380	48	0.966	2	5	25	7	16	0
2012	10900	545	Pittsburgh	-	Totals	-	-	-	-	 	1,056	475	61	0.962	""	6	39	16	9	""
2012	10900	545	Pittsburgh	-	Opponent Totals	-	-	-	-	 	1,054	401	51	0.966	1	8	27	5	8	0
2012	10900	550	Portland St.	-	Totals	-	-	-	-	 	1,081	463	55	0.966	2	6	53	11	22	""
2012	10900	550	Portland St.	-	Opponent Totals	-	-	-	-	 	1,092	434	61	0.962	2	10	39	7	15	0
2012	10900	553	Prairie View	-	Totals	-	-	-	-	 	785	306	53	0.954	""	2	40	16	12	""
2012	10900	553	Prairie View	-	Opponent Totals	-	-	-	-	 	791	359	52	0.957	0	4	27	7	11	0
2012	10900	1320	Presbyterian	-	Totals	-	-	-	-	 	1,046	449	82	0.948	""	16	47	16	9	""
2012	10900	1320	Presbyterian	-	Opponent Totals	-	-	-	-	 	1,070	497	63	0.961	0	5	64	20	18	0
2012	10900	554	Princeton	-	Totals	-	-	-	-	 	947	393	59	0.958	""	5	50	8	8	""
2012	10900	554	Princeton	-	Opponent Totals	-	-	-	-	 	969	421	42	0.971	0	11	10	4	13	0
2012	10900	556	Providence	-	Totals	-	-	-	-	 	1,024	493	66	0.958	""	12	49	13	10	""
2012	10900	556	Providence	-	Opponent Totals	-	-	-	-	 	1,055	404	49	0.968	0	3	19	9	13	1
2012	10900	559	Purdue	-	Totals	-	-	-	-	 	1,005	469	67	0.957	""	2	44	13	19	""
2012	10900	559	Purdue	-	Opponent Totals	-	-	-	-	 	1,009	434	83	0.946	3	9	97	20	14	0
2012	10900	562	Quinnipiac	-	Totals	-	-	-	-	 	1,028	433	47	0.969	1	8	27	20	13	""
2012	10900	562	Quinnipiac	-	Opponent Totals	-	-	-	-	 	1,020	474	73	0.953	1	9	44	11	13	0
2012	10900	563	Radford	-	Totals	-	-	-	-	 	1,126	504	66	0.961	""	11	15	8	21	""
2012	10900	563	Radford	-	Opponent Totals	-	-	-	-	 	1,103	440	87	0.947	0	8	122	33	17	0
2012	10900	572	Rhode Island	-	Totals	-	-	-	-	 	1,030	398	64	0.957	1	8	61	25	13	""
2012	10900	572	Rhode Island	-	Opponent Totals	-	-	-	-	 	1,051	445	62	0.960	0	8	45	16	17	0
2012	10900	576	Rider	-	Totals	-	-	-	-	 	1,103	559	68	0.961	""	7	60	15	19	""
2012	10900	576	Rider	-	Opponent Totals	-	-	-	-	 	1,128	518	74	0.957	0	9	29	9	10	0
2012	10900	579	Robert Morris	-	Totals	-	-	-	-	 	1,167	485	69	0.960	""	3	41	21	12	""
2012	10900	579	Robert Morris	-	Opponent Totals	-	-	-	-	 	1,156	545	75	0.958	0	15	39	18	15	0
2012	10900	587	Rutgers	-	Totals	-	-	-	-	 	1,041	414	67	0.956	1	8	41	15	10	""
2012	10900	587	Rutgers	-	Opponent Totals	-	-	-	-	 	1,040	373	64	0.957	1	7	64	16	8	0
2012	10900	660	SIUE	-	Totals	-	-	-	-	 	1,050	407	69	0.955	""	13	52	10	15	""
2012	10900	660	SIUE	-	Opponent Totals	-	-	-	-	 	1,064	476	68	0.958	0	21	61	17	18	0
2012	10900	102	Sacramento St.	-	Totals	-	-	-	-	 	925	387	28	0.979	""	10	21	8	17	""
2012	10900	102	Sacramento St.	-	Opponent Totals	-	-	-	-	 	915	399	72	0.948	0	3	41	7	8	0
2012	10900	590	Sacred Heart	-	Totals	-	-	-	-	 	1,051	372	54	0.963	2	3	39	10	14	""
2012	10900	590	Sacred Heart	-	Opponent Totals	-	-	-	-	 	1,070	434	57	0.963	0	11	21	13	13	0
2012	10900	600	Saint Francis (PA)	-	Totals	-	-	-	-	 	994	415	55	0.962	""	15	50	15	12	""
2012	10900	600	Saint Francis (PA)	-	Opponent Totals	-	-	-	-	 	1,005	459	56	0.963	3	24	39	10	12	0
2012	10900	606	Saint Joseph's	-	Totals	-	-	-	-	 	1,028	547	63	0.962	""	10	38	13	7	""
2012	10900	606	Saint Joseph's	-	Opponent Totals	-	-	-	-	 	1,051	401	50	0.967	0	7	47	16	11	0
2012	10900	609	Saint Louis	-	Totals	-	-	-	-	 	1,103	479	76	0.954	""	13	38	22	13	""
2012	10900	609	Saint Louis	-	Opponent Totals	-	-	-	-	 	1,122	438	60	0.963	0	2	83	15	8	0
2012	10900	617	Saint Peter's	-	Totals	-	-	-	-	 	891	483	84	0.942	4	11	62	12	14	""
2012	10900	617	Saint Peter's	-	Opponent Totals	-	-	-	-	 	952	411	54	0.962	0	8	20	14	18	0
2012	10900	624	Sam Houston St.	-	Totals	-	-	-	-	 	993	464	57	0.962	1	5	35	11	16	""
2012	10900	624	Sam Houston St.	-	Opponent Totals	-	-	-	-	 	982	356	52	0.963	0	6	46	7	16	0
2012	10900	625	Samford	-	Totals	-	-	-	-	 	1,098	520	67	0.960	1	15	68	17	23	""
2012	10900	625	Samford	-	Opponent Totals	-	-	-	-	 	1,130	426	48	0.970	0	12	24	12	12	0
2012	10900	627	San Diego	-	Totals	-	-	-	-	 	951	331	52	0.961	""	14	33	8	15	""
2012	10900	627	San Diego	-	Opponent Totals	-	-	-	-	 	940	393	45	0.967	0	4	18	4	14	0
2012	10900	626	San Diego St.	-	Totals	-	-	-	-	 	1,123	456	68	0.959	1	12	51	7	13	""
2012	10900	626	San Diego St.	-	Opponent Totals	-	-	-	-	 	1,104	521	76	0.955	0	4	36	15	19	0
2012	10900	630	San Jose St.	-	Totals	-	-	-	-	 	1,107	392	72	0.954	""	2	36	13	10	""
2012	10900	630	San Jose St.	-	Opponent Totals	-	-	-	-	 	1,101	454	81	0.950	2	10	59	15	24	1
2012	10900	631	Santa Clara	-	Totals	-	-	-	-	 	1,048	439	91	0.942	""	4	56	12	21	""
2012	10900	631	Santa Clara	-	Opponent Totals	-	-	-	-	 	1,102	465	64	0.961	0	8	23	16	23	0
2012	10900	632	Savannah St.	-	Totals	-	-	-	-	 	1,005	356	75	0.948	1	19	56	13	11	""
2012	10900	632	Savannah St.	-	Opponent Totals	-	-	-	-	 	1,007	378	77	0.947	0	19	50	12	17	0
2012	10900	1356	Seattle	-	Totals	-	-	-	-	 	876	406	52	0.961	2	10	23	15	14	""
2012	10900	1356	Seattle	-	Opponent Totals	-	-	-	-	 	905	342	50	0.961	2	7	25	5	14	0
2012	10900	635	Seton Hall	-	Totals	-	-	-	-	 	1,073	450	69	0.957	2	6	37	21	20	""
2012	10900	635	Seton Hall	-	Opponent Totals	-	-	-	-	 	1,092	444	52	0.967	2	3	30	11	10	0
2012	10900	639	Siena	-	Totals	-	-	-	-	 	985	475	65	0.957	1	10	40	8	13	""
2012	10900	639	Siena	-	Opponent Totals	-	-	-	-	 	1,003	416	54	0.963	0	11	28	12	10	0
2012	10900	646	South Ala.	-	Totals	-	-	-	-	 	1,164	384	39	0.975	1	6	54	4	15	""
2012	10900	646	South Ala.	-	Opponent Totals	-	-	-	-	 	1,132	460	93	0.945	1	10	52	9	16	0
2012	10900	648	South Carolina	-	Totals	-	-	-	-	 	1,028	366	61	0.958	""	7	38	12	10	""
2012	10900	648	South Carolina	-	Opponent Totals	-	-	-	-	 	1,040	413	62	0.959	0	12	56	13	16	0
2012	10900	647	South Carolina St.	-	Totals	-	-	-	-	 	814	323	88	0.928	""	33	62	12	19	""
2012	10900	647	South Carolina St.	-	Opponent Totals	-	-	-	-	 	812	332	60	0.950	0	30	31	13	5	0
2012	10900	650	South Dakota	-	Totals	-	-	-	-	 	1,039	365	68	0.954	""	3	62	11	12	""
2012	10900	650	South Dakota	-	Opponent Totals	-	-	-	-	 	1,082	362	74	0.951	0	8	49	12	8	0
2012	10900	649	South Dakota St.	-	Totals	-	-	-	-	 	788	352	72	0.941	2	3	71	8	6	""
2012	10900	649	South Dakota St.	-	Opponent Totals	-	-	-	-	 	816	294	38	0.967	0	10	18	4	18	0
2012	10900	651	South Fla.	-	Totals	-	-	-	-	 	1,315	465	59	0.968	1	14	46	6	17	""
2012	10900	651	South Fla.	-	Opponent Totals	-	-	-	-	 	1,234	511	68	0.962	3	5	94	21	8	0
2012	10900	654	Southeast Mo. St.	-	Totals	-	-	-	-	 	1,109	527	77	0.955	3	24	62	21	16	""
2012	10900	654	Southeast Mo. St.	-	Opponent Totals	-	-	-	-	 	1,118	453	109	0.935	3	11	68	14	12	0
2012	10900	655	Southeastern La.	-	Totals	-	-	-	-	 	934	339	64	0.952	""	18	62	13	8	""
2012	10900	655	Southeastern La.	-	Opponent Totals	-	-	-	-	 	973	380	58	0.959	0	8	10	3	14	0
2012	10900	659	Southern Ill.	-	Totals	-	-	-	-	 	1,103	419	54	0.966	""	9	43	9	14	""
2012	10900	659	Southern Ill.	-	Opponent Totals	-	-	-	-	 	1,081	455	80	0.950	0	18	48	9	15	0
2012	10900	664	Southern Miss.	-	Totals	-	-	-	-	 	961	362	62	0.955	1	4	62	13	14	""
2012	10900	664	Southern Miss.	-	Opponent Totals	-	-	-	-	 	997	388	84	0.943	1	3	53	21	6	0
2012	10900	665	Southern U.	-	Totals	-	-	-	-	 	751	377	76	0.937	""	15	63	17	15	""
2012	10900	665	Southern U.	-	Opponent Totals	-	-	-	-	 	789	326	65	0.945	1	11	40	14	15	0
2012	10900	667	Southern Utah	-	Totals	-	-	-	-	 	1,006	483	87	0.945	""	11	69	10	16	""
2012	10900	667	Southern Utah	-	Opponent Totals	-	-	-	-	 	1,001	397	63	0.957	2	7	28	5	22	0
2012	10900	596	St. Bonaventure	-	Totals	-	-	-	-	 	827	353	83	0.934	""	20	53	9	10	""
2012	10900	596	St. Bonaventure	-	Opponent Totals	-	-	-	-	 	843	311	47	0.961	0	5	30	9	7	0
2012	10900	603	St. John's (NY)	-	Totals	-	-	-	-	 	1,157	426	70	0.958	""	19	48	15	16	""
2012	10900	603	St. John's (NY)	-	Opponent Totals	-	-	-	-	 	1,165	438	62	0.963	0	10	33	15	18	0
2012	10900	610	St. Mary's (CA)	-	Totals	-	-	-	-	 	989	411	81	0.945	""	10	51	14	14	""
2012	10900	610	St. Mary's (CA)	-	Opponent Totals	-	-	-	-	 	985	365	52	0.963	0	8	26	17	11	0
2012	10900	674	Stanford	-	Totals	-	-	-	-	 	1,131	413	54	0.966	""	9	30	9	19	""
2012	10900	674	Stanford	-	Opponent Totals	-	-	-	-	 	1,088	484	80	0.952	0	10	49	12	11	0
2012	10900	676	Stephen F. Austin	-	Totals	-	-	-	-	 	961	384	53	0.962	2	10	67	10	13	""
2012	10900	676	Stephen F. Austin	-	Opponent Totals	-	-	-	-	 	996	379	52	0.964	0	8	42	14	14	0
2012	10900	678	Stetson	-	Totals	-	-	-	-	 	957	381	40	0.971	1	4	26	10	17	""
2012	10900	678	Stetson	-	Opponent Totals	-	-	-	-	 	941	365	58	0.957	1	7	49	8	8	0
2012	10900	683	Stony Brook	-	Totals	-	-	-	-	 	1,066	369	35	0.976	1	6	32	8	11	""
2012	10900	683	Stony Brook	-	Opponent Totals	-	-	-	-	 	1,036	486	75	0.953	0	8	76	17	14	0
2012	10900	688	Syracuse	-	Totals	-	-	-	-	 	1,223	519	59	0.967	1	16	42	5	21	""
2012	10900	688	Syracuse	-	Opponent Totals	-	-	-	-	 	1,192	365	64	0.961	4	14	64	16	11	0
2012	10900	690	Temple	-	Totals	-	-	-	-	 	964	319	59	0.956	""	5	36	16	6	""
2012	10900	690	Temple	-	Opponent Totals	-	-	-	-	 	944	392	71	0.950	2	14	25	1	11	0
2012	10900	694	Tennessee	-	Totals	-	-	-	-	 	1,345	449	32	0.982	1	10	43	14	18	""
2012	10900	694	Tennessee	-	Opponent Totals	-	-	-	-	 	1,275	518	63	0.966	2	14	115	17	17	0
2012	10900	691	Tennessee St.	-	Totals	-	-	-	-	 	1,046	411	108	0.931	""	24	83	16	12	""
2012	10900	691	Tennessee St.	-	Opponent Totals	-	-	-	-	 	1,079	416	78	0.950	0	7	46	13	17	0
2012	10900	692	Tennessee Tech	-	Totals	-	-	-	-	 	1,195	490	81	0.954	1	16	92	15	11	""
2012	10900	692	Tennessee Tech	-	Opponent Totals	-	-	-	-	 	1,204	444	79	0.954	2	17	59	17	14	0
2012	10900	703	Texas	-	Totals	-	-	-	-	 	1,199	338	51	0.968	""	3	38	10	12	""
2012	10900	703	Texas	-	Opponent Totals	-	-	-	-	 	1,136	495	77	0.955	0	11	91	22	27	0
2012	10900	697	Texas A&M	-	Totals	-	-	-	-	 	1,204	440	46	0.973	""	7	32	9	13	""
2012	10900	697	Texas A&M	-	Opponent Totals	-	-	-	-	 	1,161	468	55	0.967	0	13	49	10	17	0
2012	10900	699	Texas Southern	-	Totals	-	-	-	-	 	812	332	80	0.935	""	4	31	11	12	""
2012	10900	699	Texas Southern	-	Opponent Totals	-	-	-	-	 	795	352	53	0.956	1	14	77	7	6	0
2012	10900	670	Texas St.	-	Totals	-	-	-	-	 	1,151	395	35	0.978	""	9	38	12	8	""
2012	10900	670	Texas St.	-	Opponent Totals	-	-	-	-	 	1,119	506	71	0.958	5	10	58	13	12	0
2012	10900	700	Texas Tech	-	Totals	-	-	-	-	 	1,161	565	48	0.973	""	9	28	19	19	""
2012	10900	700	Texas Tech	-	Opponent Totals	-	-	-	-	 	1,109	373	63	0.959	0	5	65	15	20	0
2012	10900	702	Texas-Arlington	-	Totals	-	-	-	-	 	849	392	43	0.967	1	1	35	13	8	""
2012	10900	702	Texas-Arlington	-	Opponent Totals	-	-	-	-	 	868	340	36	0.971	0	4	27	6	8	1
2012	10900	709	Toledo	-	Totals	-	-	-	-	 	1,065	414	78	0.950	1	9	73	26	17	""
2012	10900	709	Toledo	-	Opponent Totals	-	-	-	-	 	1,085	445	65	0.959	0	2	73	19	20	0
2012	10900	711	Towson	-	Totals	-	-	-	-	 	1,091	338	54	0.964	""	10	52	8	9	""
2012	10900	711	Towson	-	Opponent Totals	-	-	-	-	 	1,092	408	70	0.955	1	9	17	15	10	0
2012	10900	716	Troy	-	Totals	-	-	-	-	 	1,127	496	70	0.959	""	7	63	8	18	""
2012	10900	716	Troy	-	Opponent Totals	-	-	-	-	 	1,122	442	68	0.958	0	10	64	12	14	0
2012	10900	719	Tulsa	-	Totals	-	-	-	-	 	1,141	435	50	0.969	""	6	26	22	14	""
2012	10900	719	Tulsa	-	Opponent Totals	-	-	-	-	 	1,107	443	61	0.962	0	10	57	13	19	0
2012	10900	9	UAB	-	Totals	-	-	-	-	 	1,199	477	69	0.960	""	8	54	27	11	""
2012	10900	9	UAB	-	Opponent Totals	-	-	-	-	 	1,175	433	58	0.965	0	8	35	11	23	0
2012	10900	108	UC Davis	-	Totals	-	-	-	-	 	1,035	295	61	0.956	1	7	61	9	9	""
2012	10900	108	UC Davis	-	Opponent Totals	-	-	-	-	 	1,026	446	76	0.951	0	2	30	5	20	0
2012	10900	111	UC Riverside	-	Totals	-	-	-	-	 	1,027	417	76	0.950	""	5	49	17	24	""
2012	10900	111	UC Riverside	-	Opponent Totals	-	-	-	-	 	1,012	415	65	0.956	0	1	73	15	10	0
2012	10900	104	UC Santa Barbara	-	Totals	-	-	-	-	 	1,158	412	80	0.952	""	5	36	17	15	""
2012	10900	104	UC Santa Barbara	-	Opponent Totals	-	-	-	-	 	1,159	492	91	0.948	0	4	44	16	15	0
2012	10900	128	UCF	-	Totals	-	-	-	-	 	1,206	327	61	0.962	""	16	56	10	6	""
2012	10900	128	UCF	-	Opponent Totals	-	-	-	-	 	1,148	447	90	0.947	1	14	102	20	17	0
2012	10900	110	UCLA	-	Totals	-	-	-	-	 	1,063	378	53	0.965	""	16	57	8	16	""
2012	10900	110	UCLA	-	Opponent Totals	-	-	-	-	 	1,032	377	66	0.955	0	11	37	7	28	0
2012	10900	164	UConn	-	Totals	-	-	-	-	 	935	403	91	0.936	1	15	50	19	16	""
2012	10900	164	UConn	-	Opponent Totals	-	-	-	-	 	941	364	71	0.948	1	16	42	13	10	0
2012	10900	391	UMBC	-	Totals	-	-	-	-	 	985	443	86	0.943	""	5	55	16	19	""
2012	10900	391	UMBC	-	Opponent Totals	-	-	-	-	 	972	364	38	0.972	0	11	30	6	10	0
2012	10900	393	UMES	-	Totals	-	-	-	-	 	573	186	128	0.856	1	21	52	7	6	""
2012	10900	393	UMES	-	Opponent Totals	-	-	-	-	 	621	245	32	0.964	0	15	44	9	9	0
2012	10900	2707	UMKC	-	Totals	-	-	-	-	 	1,171	391	59	0.964	""	8	46	11	9	""
2012	10900	2707	UMKC	-	Opponent Totals	-	-	-	-	 	1,190	504	88	0.951	1	7	81	18	9	0
2012	10900	459	UNCG	-	Totals	-	-	-	-	 	1,083	517	81	0.952	""	11	55	13	21	1
2012	10900	459	UNCG	-	Opponent Totals	-	-	-	-	 	1,108	447	70	0.957	2	9	44	11	16	0
2012	10900	460	UNCW	-	Totals	-	-	-	-	 	1,059	418	87	0.944	1	6	104	20	13	""
2012	10900	460	UNCW	-	Opponent Totals	-	-	-	-	 	1,116	429	37	0.977	0	9	8	4	24	0
2012	10900	504	UNI	-	Totals	-	-	-	-	 	1,073	399	58	0.962	""	32	33	7	14	1
2012	10900	504	UNI	-	Opponent Totals	-	-	-	-	 	1,048	353	66	0.955	0	12	62	10	10	0
2012	10900	465	UNLV	-	Totals	-	-	-	-	 	1,007	504	50	0.968	1	6	40	6	27	""
2012	10900	465	UNLV	-	Opponent Totals	-	-	-	-	 	995	358	52	0.963	3	9	15	5	14	0
2012	10900	10411	USC Upstate	-	Totals	-	-	-	-	 	1,035	298	33	0.976	""	7	32	11	11	""
2012	10900	10411	USC Upstate	-	Opponent Totals	-	-	-	-	 	984	478	82	0.947	0	21	80	17	17	0
2012	10900	695	UT Martin	-	Totals	-	-	-	-	 	1,231	476	70	0.961	""	10	49	23	22	""
2012	10900	695	UT Martin	-	Opponent Totals	-	-	-	-	 	1,221	523	84	0.954	0	8	86	28	18	0
2012	10900	704	UTEP	-	Totals	-	-	-	-	 	987	400	89	0.940	""	19	87	28	14	""
2012	10900	704	UTEP	-	Opponent Totals	-	-	-	-	 	993	369	49	0.965	1	7	16	9	10	0
2012	10900	706	UTSA	-	Totals	-	-	-	-	 	1,033	418	62	0.959	""	7	44	6	14	""
2012	10900	706	UTSA	-	Opponent Totals	-	-	-	-	 	1,037	411	55	0.963	0	10	16	6	15	0
2012	10900	732	Utah	-	Totals	-	-	-	-	 	1,064	392	61	0.960	2	13	42	13	23	""
2012	10900	732	Utah	-	Opponent Totals	-	-	-	-	 	1,055	425	51	0.967	0	15	57	14	23	0
2012	10900	731	Utah St.	-	Totals	-	-	-	-	 	994	487	77	0.951	1	6	63	13	17	""
2012	10900	731	Utah St.	-	Opponent Totals	-	-	-	-	 	1,039	427	53	0.965	0	8	19	9	17	0
2012	10900	30024	Utah Valley	-	Totals	-	-	-	-	 	1,210	511	80	0.956	1	3	49	14	18	""
2012	10900	30024	Utah Valley	-	Opponent Totals	-	-	-	-	 	1,207	552	79	0.957	1	14	29	15	14	0
2012	10900	735	Valparaiso	-	Totals	-	-	-	-	 	1,241	603	48	0.975	""	15	31	8	25	""
2012	10900	735	Valparaiso	-	Opponent Totals	-	-	-	-	 	1,198	457	84	0.952	2	19	47	11	26	0
2012	10900	739	Villanova	-	Totals	-	-	-	-	 	1,116	414	62	0.961	""	5	29	26	10	""
2012	10900	739	Villanova	-	Opponent Totals	-	-	-	-	 	1,112	504	96	0.944	1	8	51	18	10	0
2012	10900	746	Virginia	-	Totals	-	-	-	-	 	1,001	314	56	0.959	""	8	39	10	12	""
2012	10900	746	Virginia	-	Opponent Totals	-	-	-	-	 	996	411	51	0.965	0	10	100	25	8	0
2012	10900	742	Virginia Tech	-	Totals	-	-	-	-	 	1,266	630	48	0.975	""	6	36	20	30	""
2012	10900	742	Virginia Tech	-	Opponent Totals	-	-	-	-	 	1,238	481	76	0.958	0	14	52	11	26	0
2012	10900	748	Wagner	-	Totals	-	-	-	-	 	1,042	495	64	0.960	1	5	71	16	11	""
2012	10900	748	Wagner	-	Opponent Totals	-	-	-	-	 	1,081	432	67	0.958	0	8	22	18	16	0
2012	10900	756	Washington	-	Totals	-	-	-	-	 	1,133	463	52	0.968	""	9	22	9	21	""
2012	10900	756	Washington	-	Opponent Totals	-	-	-	-	 	1,107	434	71	0.956	0	10	83	7	19	0
2012	10900	758	Weber St.	-	Totals	-	-	-	-	 	989	408	103	0.931	1	9	71	12	17	""
2012	10900	758	Weber St.	-	Opponent Totals	-	-	-	-	 	997	406	77	0.948	0	12	42	10	11	1
2012	10900	769	Western Caro.	-	Totals	-	-	-	-	 	1,130	421	86	0.947	3	10	76	6	8	""
2012	10900	769	Western Caro.	-	Opponent Totals	-	-	-	-	 	1,146	489	69	0.960	0	15	37	10	18	1
2012	10900	771	Western Ill.	-	Totals	-	-	-	-	 	1,008	521	78	0.951	""	14	65	15	21	""
2012	10900	771	Western Ill.	-	Opponent Totals	-	-	-	-	 	1,031	417	96	0.938	1	15	91	14	15	0
2012	10900	772	Western Ky.	-	Totals	-	-	-	-	 	1,198	505	52	0.970	""	20	50	18	19	""
2012	10900	772	Western Ky.	-	Opponent Totals	-	-	-	-	 	1,187	494	83	0.953	0	10	67	20	20	1
2012	10900	774	Western Mich.	-	Totals	-	-	-	-	 	1,057	345	32	0.978	""	8	40	18	9	""
2012	10900	774	Western Mich.	-	Opponent Totals	-	-	-	-	 	1,069	479	67	0.959	0	8	14	10	22	0
2012	10900	782	Wichita St.	-	Totals	-	-	-	-	 	1,036	449	75	0.952	1	15	68	11	18	""
2012	10900	782	Wichita St.	-	Opponent Totals	-	-	-	-	 	1,093	403	53	0.966	0	15	60	11	9	0
2012	10900	792	Winthrop	-	Totals	-	-	-	-	 	1,095	510	50	0.970	1	14	64	23	9	""
2012	10900	792	Winthrop	-	Opponent Totals	-	-	-	-	 	1,122	471	49	0.970	0	8	26	14	16	0
2012	10900	796	Wisconsin	-	Totals	-	-	-	-	 	1,070	465	63	0.961	1	9	23	14	15	""
2012	10900	796	Wisconsin	-	Opponent Totals	-	-	-	-	 	1,053	470	80	0.950	0	12	87	32	15	0
2012	10900	810	Wright St.	-	Totals	-	-	-	-	 	1,050	566	89	0.948	1	8	60	27	30	""
2012	10900	810	Wright St.	-	Opponent Totals	-	-	-	-	 	1,066	459	78	0.951	0	14	37	13	12	0
2012	10900	813	Yale	-	Totals	-	-	-	-	 	904	389	71	0.948	1	7	40	12	18	""
2012	10900	813	Yale	-	Opponent Totals	-	-	-	-	 	934	416	57	0.959	0	9	27	2	13	0
2012	10900	817	Youngstown St.	-	Totals	-	-	-	-	 	965	414	81	0.945	""	18	41	18	19	""
2012	10900	817	Youngstown St.	-	Opponent Totals	-	-	-	-	 	955	386	99	0.931	0	15	55	7	13	0
